<?xml version="1.0" encoding="UTF-8"?>
<beans:beans xmlns="http://www.springframework.org/schema/security"
	xmlns:beans="http://www.springframework.org/schema/beans" 
	xmlns:xsi="http://www.w3.org/2001/XMLSchema-instance"
	xsi:schemaLocation="http://www.springframework.org/schema/beans
	http://www.springframework.org/schema/beans/spring-beans-3.0.xsd
	http://www.springframework.org/schema/security
	http://www.springframework.org/schema/security/spring-security-3.0.3.xsd">

	<http auto-config="true"  use-expressions="true">
		<intercept-url pattern="/login" access="permitAll" />
		<intercept-url pattern="/logout" access="permitAll" />
		<intercept-url pattern="/accessdenied" access="permitAll" />
		<intercept-url pattern="/**" access="hasRole('ROLE_USER')" />
		<form-login login-page="/login" default-target-url="/list" authentication-failure-url="/accessdenied" />
		<logout logout-success-url="/logout" />
	</http>

	<authentication-manager alias="authenticationManager">
		<authentication-provider>
			<jdbc-user-service data-source-ref="dataSource"
 
		   users-by-username-query="
		     SELECT USERNAME, PASSWORD, CASE ENABLED WHEN 1 THEN 'true' ELSE 'false' END 'ENABLED' 
		     FROM TBL_USERS 
		     WHERE USERNAME=?;"
 
		   authorities-by-username-query="
		    SELECT u.USERNAME, r.ROLENAME 
			FROM TBL_USERS u, TBL_USER_ROLE r
			WHERE u.ID = r.USERID
			AND u.USERNAME=?;"
 
			/>
		</authentication-provider>
	</authentication-manager>

</beans:beans>